LogP_Difference,Molecular_Weight_Ratio,pH_Difference,Temp_Stability_Celsius,Is_Incompatible
1.8727005942368125,0.5443190292126872,1.8319397861513418,60.36217965253388,0
4.75357153204958,1.4005622737080596,1.7288515935039988,67.80088383148234,0
3.6599697090570253,2.19507000610338,6.343782063647257,35.02807392754994,1
2.993292420985183,1.8573397273829468,1.7468233989465427,57.49244597641994,0
0.7800932022121826,2.0357467548674792,1.903648082900417,54.30475898862492,0
0.7799726016810132,1.6810800801057217,5.315787836925746,69.96982260729627,0
0.2904180608409973,1.761463754842846,3.14817889715378,74.36522362887564,0
4.330880728874676,2.1380695637567664,5.436973898686269,20.729406288643208,1
3.005575058716044,0.6992032212620463,0.4575631029506967,60.44119514352756,0
3.540362888980227,1.2746199127435371,3.41299835571369,23.11014794718374,1
0.10292247147901223,0.6309026603670453,0.23529520128297843,52.931519904641355,0
4.8495492608099715,2.4704032191919527,0.43857242418748166,37.25796374262069,0
4.162213204002109,2.3657424152478717,6.345062173410876,38.40659597132847,1
1.0616955533913808,0.19462434728441416,0.9747175978231661,41.177510207141395,0
0.9091248360355031,1.7933804140376524,3.72694477592652,57.277546942976606,0
0.9170225492671691,2.320595961797598,2.8776692182049457,40.042997940126156,0
1.5212112147976886,0.5333808283056005,2.431403283811899,63.96194303541682,0
2.6237821581611893,1.4630685533263108,6.298833419810907,44.27164313443218,0
2.1597250932105787,2.2971719142113005,0.1527637774284265,24.101192018597516,1
1.4561457009902097,0.1814703486059172,4.646527803229124,67.02559054904643,0
3.0592644736118975,1.773808641392416,6.743761039494853,37.14549947556236,1
0.6974693032602092,0.8136376176941218,3.9211772842328934,45.96601277595576,0
1.4607232426760908,2.318550868903673,6.557757234231643,61.12663299331409,0
1.8318092164684585,2.4305397883968825,0.36580515500216637,39.94736942892272,0
2.28034992108518,2.3662395738722415,2.93155323351913,23.395139368802937,1
3.925879806965068,1.238114119977913,1.8211045367343581,42.43526282076881,0
0.9983689107917987,2.1689023623743524,5.115746754865109,76.66691496165821,0
2.571172192068058,2.126918556484169,6.869079633480727,58.50406383791349,0
2.9620728443102124,0.8658411357838135,1.7957104371097348,60.28874892003242,0
0.23225206359998862,2.0893971379616256,4.579222210318521,57.93692921825839,0
3.0377242595071916,0.1888183233171823,1.386683429318181,31.93952833756621,0
0.8526206184364576,1.5310477083569274,3.9573117820012693,45.10003184613681,0
0.3252579649263976,0.6520212094904873,3.2475274068183535,65.0563879017991,0
4.7444276862666666,0.3893605258654691,6.804037307420759,26.082373853189548,0
4.828160165372797,0.28468768391010196,4.259690908875266,36.671166565382734,1
4.041986740582305,1.7710930621075354,2.4465446046077313,36.579146507951215,1
1.5230688458668533,0.9156999130433587,0.7986704942155336,45.921135655670355,1
0.48836057003191935,1.8394402516690276,1.058727801144542,78.8221244565311,0
3.4211651325607844,0.2568552179174617,1.5772185096586457,24.050152801029316,1
2.2007624686980067,0.8566968107934647,1.7567666293820858,51.1220596628357,0
0.6101911742238941,1.3947791017008093,5.954312404887965,30.76188092073263,0
2.475884550556351,1.9977355956135125,3.9285595179776744,78.24059272458464,0
0.17194260557609198,0.8650060070369677,3.6637363796205653,26.79821028364785,1
4.546602010393911,1.6021393034488218,0.8033821030845223,44.21606014169548,0
1.2938999080000846,2.226346595766849,6.020977853446045,64.27309909007637,0
3.31261142176991,1.578071651637531,5.059700122459386,62.27326568164672,1
1.5585553804470549,0.659102739408721,0.4736785333000111,45.363718213635934,0
2.600340105889054,0.15856187573569125,4.954845680608381,40.79145007716309,0
2.7335513967163982,2.1882372973622317,3.8047675213985226,43.85674271317224,0
0.9242722776276352,0.15104658604092913,0.5720774202274478,35.85657578951836,0
4.847923138822793,2.1992840144420787,3.2081044907005953,32.31997632240799,0
3.8756641168055728,1.3694491216653089,3.392874009910329,48.9823818535334,0
4.697494707820946,2.353762476430951,1.1604217811429303,36.112025364056436,0
4.474136752138244,2.017079765856797,6.619887029001976,37.247699893835005,1
2.9894998940554256,2.49504186528001,5.9498276003646335,59.405363808473425,0
4.609371175115584,0.9417083570841043,4.683156361303758,78.11223990199353,1
0.4424625102595975,1.9412518934347045,3.2360689270042506,56.21823203356251,0
0.979914312095726,1.0646341926621812,2.8823587910915593,24.618768023897978,1
0.22613644455269033,1.2517014887293814,4.556814270056679,24.535016831244018,1
1.6266516538163218,1.6060131117240883,3.8180230858483384,77.08539325073396,1
1.9433864484474102,2.196825074047213,0.4359117411731993,37.83744741844002,0
1.3567451588694794,2.461800326078308,3.587518541392322,25.524019164948527,1
4.143687545759647,1.9438561932748437,5.644825320629876,55.942675229022896,1
1.7837666334679465,1.102640277201601,3.2146791431787065,57.41892669741597,0
1.4046725484369038,1.1112568054649685,0.3636960428798789,58.91028920712129,0
2.7134804157912424,1.8701975238133397,5.503947395688232,36.04412167145248,0
0.7046211248738132,0.6730651498439255,1.4095464749518207,20.9066410528685,1
4.010984903770199,0.36513787151534716,1.8103458442162714,77.9009221672683,1
0.3727532183988541,0.9510931783378637,1.1529444740260713,35.05358274146615,0
4.9344346830025865,0.7893735799697961,2.311505454100483,60.56157728315285,0
3.861223846483287,0.8111394890943762,5.297260539820445,62.39779219272258,1
0.993578407670862,0.6606586025197838,3.6357010165275616,56.600445024769144,0
0.027610585618011996,0.20102365512726852,1.4341689190549878,38.77444365281889,0
4.0773071422741705,0.14289744336019314,6.144810547064286,36.265775225843946,1
3.534286719238086,2.470533735366476,6.157072984660704,55.86009696216219,1
3.6450358402049368,1.1266555209660696,6.094048975322048,71.9657380167015,1
3.8563517334297286,1.022383953183236,1.671573479670775,76.80402373540373,0
0.3702232586704518,1.7311534784633678,3.158675409266917,26.354348264225457,1
1.7923286427213632,0.623809330876154,6.894927592986125,29.28971675586319,1
0.5793452976256486,2.379906841480541,5.404087334169932,76.68417552698477,0
4.315517129377968,1.987228034597325,0.19017194857891873,64.19211370008756,0
3.1164906341377896,0.31458640554942285,0.45643213882344436,72.97962948978639,0
1.654490124263246,1.102193861883828,3.247519637686329,32.15795804812059,0
0.3177917514301182,2.2098839381491953,6.364541441030921,55.25515226656411,0
1.554911608578311,2.3673568534993845,3.7709125856689996,62.06837566504842,0
1.6259166101337352,1.2217636269996874,3.4846875562400315,60.80671312681836,0
3.64803089169032,1.5721873341056984,0.7383158996964141,44.48910145200189,0
3.1877873567760657,0.5008814706209805,4.597460733070058,20.92369350147851,1
4.436063712881633,2.478804702728744,5.754722124201578,54.97556340825579,1
2.3610746258097466,0.6560120833202641,2.662940052552936,35.186092350776526,0
0.5979712296915085,2.3625562579243016,5.429282956477293,47.01525476857342,0
3.566223936114975,1.6591519575816844,6.751336577305681,77.45486090502904,1
3.803925243084487,1.558568307709262,1.4263652138938236,43.94211905854608,0
2.8063859878474813,1.3304524264396207,3.663307418363189,70.3880963998656,0
3.854835899772805,0.6536075481226208,2.0099657065920287,31.312436344955067,0
2.4689779818219537,0.5236672768132198,5.549980933236876,60.34762988150173,0
2.6136641469099704,0.6291669017684208,4.043153561168102,78.6204172663366,0
2.137705091792748,0.5474518291462108,4.442076922852126,26.113586052376206,1
0.12709563372047594,1.9710027365602079,5.585399117311258,20.49919653363152,1
0.5394571349665223,0.9403006220001522,2.771793308637184,46.014967557956865,0
0.15714592843367126,0.2388224237521513,6.405630478849303,25.55752898308203,1
3.182052056318902,2.425846312337947,3.7312020707229796,64.90306098057388,0
1.5717799053816335,2.2210861239122215,1.105683759847436,74.87291983091353,0
2.542853455823514,2.326605479668511,4.871293827181617,46.041258362525525,0
4.537832369630465,2.487778774351445,5.552829453067781,35.52269852932646,1
1.2464611457443748,0.5173485981267695,2.217331739472687,46.06419914039658,0
2.0519146151781484,1.050980845366381,6.0002547989912705,63.40686907100006,1
3.7777556927152434,1.9197723416898191,6.343002783360365,20.543249694822258,1
1.1439908274581123,1.7704494833291013,1.9383314116446626,55.36723936908183,0
0.38489954914396496,0.46935017521565214,6.884650309006554,56.797501093242744,0
1.4487572645688402,2.0579994999774827,0.9849806963413089,58.26129481375613,0
0.8061064362700221,0.6386573724079856,1.4141096788174297,34.52132479885263,0
4.648488261712865,0.6371622755742954,1.289573874666183,62.84316340268761,0
4.040601897822085,1.3887386149441927,6.257927970055093,25.483489179906584,1
3.1670187825521174,1.5230558436200876,4.580047866274733,31.956220188008047,1
4.357302950938589,1.4922068988107469,1.0647299825559102,72.64820279926892,0
4.018360384495573,0.3195684097546117,3.082263928578443,64.32338904359398,0
0.9328502944301792,2.205906070312913,4.307086175488614,20.824733240680715,1
4.462794992449889,0.7374401022128945,0.584248594925683,34.90257562218801,0
2.6967112095782535,0.41083581107873,6.176914578851371,32.864388979589876,0
4.037200775820312,2.232995391685545,5.625224748090746,36.248379682218356,1
4.480456499617466,2.393563595751408,3.5364474150364678,34.85358621679318,0
1.5900173748593194,2.1691062814370814,6.769886306814193,23.751577744570746,1
0.5502596226383838,2.0428385793397075,2.924326854925698,47.53643099580922,0
1.1396758127097084,1.672580753533652,6.888772233255485,63.964008487169906,0
2.1355389431312815,1.4220576894619343,4.67543999162539,56.403903483046186,0
4.090073829612465,0.30876822378738433,4.44269891277759,60.372300115884784,1
4.303652916281717,1.080287711369677,1.161684267070495,24.86895071217435,1
0.03476065265595352,0.9944524408295535,6.173494308132508,77.08944261060724,0
2.553736512887829,0.7234090810247829,2.992427815444306,70.30951003058149,0
2.087055015743895,1.836208272852604,1.1356338404773556,68.30541910973976,0
1.1105390523536514,1.29010176418905,0.08825263983031328,69.37902830250604,0
0.599326836668414,0.29451091817835506,3.9182897854686782,75.96263048796568,0
1.6880758570181398,0.6284396846795471,3.691797354858734,52.655237966821865,0
4.714548519562596,1.7398210327830304,5.03547535658411,32.016921072057556,1
1.6160146601037761,0.28271406277672045,6.231806371124615,57.00701647115247,0
2.5939531087168306,2.1428965937170448,0.5558460925012066,64.57288962007634,0
3.515094794475889,1.2883516648335385,5.120475432382537,64.27504360124152,1
1.81814801189647,1.2534077855839552,1.3118836086830754,51.286941450012804,0
4.858910413604804,1.5217786831828424,6.007239372100148,24.107523160014683,1
4.812236474710556,2.079234318220358,5.733444597031593,42.26677630580767,1
1.2589114791268208,0.9347420989652633,3.785556284898811,75.24599650780144,0
2.4862425294619275,1.7272387661417525,4.971699590363181,55.06693458544556,0
1.5043915490838482,1.4577567135898986,2.200450792286239,52.29991659534281,0
1.424202471887338,0.7408678484066111,3.2981752925297023,36.13121086293161,0
0.18443473677266398,2.208711967252379,5.751458283973301,42.10693519499473,0
3.047821669899484,2.0138224518566274,3.214856380212497,73.72076534919016,0
2.5133951161443076,1.6802844031802213,2.5045878572780924,59.98778285161014,0
0.25739375624994676,2.1413961498261807,3.459487130752099,67.24322160513998,0
1.3932323211830573,2.1815060823035255,5.797744767060529,47.260725384059306,0
4.541329429833269,1.8000711441160835,2.346456331596109,57.81483316736947,0
1.197809453334862,2.108831988072813,1.2163311519502065,34.90301652459245,0
0.7244743604561155,1.7739315080062807,4.9840981423154656,62.327649817009174,0
2.447263801387815,1.732337852224721,5.781847488956573,45.65608002220024,0
4.928252270553004,1.5846673077164424,0.7044623496647333,46.55273088888474,0
1.2102763575575022,1.906519934938339,1.679118789291613,58.9593394746129,0
3.360677737029393,0.48065225270337686,0.9938039283269573,76.1768372881356,0
3.8080980766435877,2.2140898220774283,2.4355898810751664,23.840380796517255,1
1.1881877199619983,2.1924244665885566,3.1524568523378886,69.48459424082046,1
3.641081743059298,0.17019347928294196,5.241784358743145,37.54298662473158,1
1.838915663596266,2.08196020135543,4.558033094171719,46.63516727038267,0
3.1615291529678973,0.4092876819362685,4.346499972349018,21.31479972650054,1
3.1676485538044736,0.9042852502219405,2.466624626267581,38.06276467005878,0
2.6788734203737925,1.8844198150998588,5.89013287159332,50.15787455780783,0
0.4514488502720415,0.48582375051593973,3.299010171787152,23.37056464084634,1
4.17651247794619,2.063120857885749,6.853734566106081,49.46574376298991,1
1.6039003248586792,2.0971220270985804,4.438994968070158,75.62663773150564,0
0.9325925519992712,1.317922561026007,0.8838531909515192,26.323593086468314,1
0.20387570777381958,0.1153260921204006,4.733242934528038,65.86644368453025,0
2.954464715941209,0.7888915196197906,2.2757281080218927,44.58026320255956,0
3.3878218092114123,1.5806246041017813,4.804290376802682,59.31042287146028,1
0.08293914463928076,2.454846827265816,0.4874880371368402,35.614195879113765,1
2.560465291496405,1.616352464840004,1.2241700602317156,29.5695357524815,1
1.1324788759896898,0.7235285945539834,5.990160812340505,29.627756856273585,1
3.2258639520472494,1.6216136874390672,1.5902568991646042,24.22951673858868,1
0.8718321450249572,1.3959649113180532,5.859287876700581,31.13880229407458,1
3.45468869051233,1.9716289483627447,1.9549326191808731,59.8531630993381,0
1.933676731502687,0.35675353318470016,4.500173370410954,72.90143671061048,0
4.6836499436836725,1.9264669660048672,4.859054014568817,68.84754113546971,1
0.6876047207299663,1.3990397888226647,3.5885832720153705,61.10805859246904,0
1.7053317552512925,2.411180809261587,2.1371747368771192,26.62591180466616,1
0.5673676062029454,0.9204931984928466,1.4885106345976729,37.35124677775699,0
4.623468091392814,1.6182925435214754,0.23232548193698355,38.58841251934814,0
4.386696766904905,2.336867453224042,2.1276248086850664,34.997416783857275,0
1.289708138575778,0.34602334717763017,4.572139533718981,50.900339582583385,0
3.299920230170895,2.349348369367483,6.568133729139379,52.13322889278035,1
4.0861110010060795,1.7509257335219521,6.098431375841364,41.41315851026661,1
2.7760040579973118,0.26280894185241255,5.362453435747118,41.22734952418616,0
2.6482528917800323,0.8223125606723589,5.519131402773091,69.71333587436487,0
1.2092614545022584,1.7996130127486758,4.654894324331967,67.35757089918113,0
0.46551383902949606,0.2616414435250521,1.8220080029620211,38.46774990084474,0
4.486078789766633,1.497209104423056,6.350365214940809,74.82730663239556,1
4.502090285816652,0.9301193366870961,4.695126183340839,77.16890102015037,1
3.16550728636634,1.590197242641945,3.9230844168630794,39.60455252180245,0
1.6951489552435035,0.20978088115003085,0.7769262844943675,41.26549692758329,0
1.7460478730633044,2.1916883347657032,3.129388806644978,50.33804920531753,0
3.629778394351197,2.4363735260257524,3.2225078984134843,76.46724875202041,0
4.485551299762886,2.4253068526856594,6.05194526665869,72.57916598853869,1
4.4354321213255865,1.8991643961830194,3.8265375413145195,26.154077755015386,1
3.899377729288119,0.41220697631351677,2.6628038427928677,43.56384459628497,0
3.2101582307714387,1.9198316702296543,6.837602299574615,53.20227138498631,1
0.42069982497524416,0.15900859950112362,0.7750441532842097,50.1879483530924,0
0.8081435704730688,0.15309652366959342,2.9578389981836124,31.63178407621356,0
4.492770942635397,0.876664525958899,0.29417272619983703,71.52900627008928,1
3.0321452982979498,1.2727436569711978,5.179328845368513,60.61644697981024,1
0.04598525808314824,1.9489778027387037,6.4265358653940545,70.27450249110822,0
0.5073577143301605,1.7399089038556126,1.960261306853426,71.52585676096834,0
3.317508845540279,1.1701664953041961,6.008391737593846,64.90135121994439,1
0.025307919231093434,0.7567039990759981,2.0455276132332845,46.35263607498304,0
0.8040402570874933,2.493098800378507,6.375391131507406,56.632805300925476,0
2.7436689468329307,1.1228351253663351,5.277733325177488,29.62192436718459,1
3.459475988463466,1.1833288583912212,5.634347437890071,60.41872504849446,1
3.259806297513003,0.4926971708600061,0.1260458892031815,30.755195344356846,0
1.121346547302799,2.0075429169998302,6.739672499518182,61.63697543060941,0
3.560896106737679,1.7648373418755727,5.086696944492263,33.775889645238124,1
1.1862454374840004,0.6298470706930249,2.1332576677029333,27.0530780090132,1
1.6269984907963386,0.29771450947802247,5.805762654011929,29.917069408577447,1
3.732457025590121,1.7331983249793115,1.9706483889045097,20.119528113144217,1
3.2481644952360735,1.6708269142747245,6.109276876962896,63.12437707121182,1
4.24611705247089,0.7558228647957024,0.7880627328835591,63.94406294350274,0
3.2880644615017167,2.3820725494009847,4.92580184222557,50.89600099479557,1
2.841543016677358,0.46253894027416054,3.7848893365143725,29.68176806332302,1
0.4683738391404624,1.1376035225022447,0.6757412913680857,25.013260250641384,1
1.8385790152971677,2.3646782084022373,1.6932567978118729,21.14773798623722,1
1.3260118384086272,1.1073455606226936,0.08682825394120353,29.94489061791324,1
1.2199482168954179,1.6324622743938053,3.281375758251541,73.45133209898881,0
4.865052773762228,1.0542265551107062,2.108856825320003,34.4922105021009,0
1.965488623333802,0.758116485636808,4.188502390084311,41.25627963303294,0
4.460232775885567,2.4615463551035877,2.08066465396032,26.32072906887999,1
3.1556931299863145,1.0824016151561033,2.099433780548893,33.34167828489022,0
3.974056517708242,2.2458380888299225,5.202352391121224,51.15347424681231,1
2.5131854655259604,0.6518910541386068,0.33699985184847414,56.46516098573915,0
2.8845194231317954,0.6114512896601999,6.3202649663439106,34.72113884997266,0
2.4625884690943196,0.17472179892282727,5.96584712073827,23.463929553507032,1
0.9762149389902225,1.6640003809021242,4.674632782584846,43.46197214764392,0
3.6122605763075266,0.9844632249370266,4.15255099075169,34.05220225558005,1
1.403861812204279,2.174459799615129,6.246117486977566,33.17323539378812,0
0.1215798321572692,1.2357037760597371,1.297311256701001,77.59176816280731,0
3.227361479535839,2.4236642269953323,0.5527841353358003,56.978029155543446,0
0.8855533970352447,0.5452612376874908,1.6765711893667667,53.412706590325755,0
4.702292921764571,2.184695603093466,5.562047950901332,44.94650621139932,1
4.769642885012937,1.9638324467001802,0.24269186708538326,45.73666000580866,0
4.574321951102243,1.9502124271457248,4.079647845584427,52.45430023028485,1
1.8507935012772219,2.1274797474805305,6.968062613339169,61.78578842216643,0
0.07728308264433714,1.9264575782631974,5.989872656862776,62.128765770909766,0
4.641592812938627,1.602928771915397,3.6501198233051264,30.301634462326973,0
2.1409207415865716,0.4149877064377302,0.4454863650064964,50.00676512459762,0
4.833274095218348,0.1780628307790046,5.8196146006999685,44.71748570204612,1
4.818099885446264,2.3100348347576483,4.192849557240474,72.23161797616305,1
4.265047277336801,1.5799607548497714,0.8045309794169678,57.885135273102584,1
1.4722444603479286,2.011689498342823,0.6570009937634934,51.95024398495891,0
1.9254886430096263,1.2556536436301202,6.367387736056147,26.923678530735042,1
4.255683357584284,0.3815396535097467,4.684401840566549,56.33827335940469,1
1.5846100257813882,0.400445901286121,5.805007595217289,27.032234340814007,1
0.8474637334304624,1.7453566893495314,6.152852301975871,40.232394533945126,0
2.784006312291751,1.1327341477587105,4.0024064643382555,28.57051788885991,1
4.680773870803905,0.5812593440808081,3.622124462285289,61.524418821462135,1
3.480148983374865,1.2798269121794486,3.012991872246931,32.37512683016916,0
2.8503058504468246,0.25410144898032183,2.2186261145378348,43.51156239128156,0
0.4858824688538427,1.496731364594557,3.0421717260109826,73.74048665712672,0
3.075036133495849,0.7455841706442343,5.417157590111095,32.25898300393822,1
4.950269250521316,2.0141418415292516,4.213464017105921,50.46830383752675,1
0.7004200761826201,0.844868701416577,6.247663029683922,45.15629966996132,0
2.591648261818684,1.1925283577963228,3.103660100654314,21.087442462743784,1
4.386865359639777,0.12788929577944153,4.249627051031278,67.56548681436877,1
3.703843088771022,0.2738725307069413,4.419152871643921,24.142754378875985,1
3.48507870497634,1.0419845353760435,4.1418801361442785,48.45530125861721,1
3.5124204199355464,1.2518532033210965,4.9184364115986146,53.640697696337,1
1.7974557560987758,1.540049315486329,1.662034278623644,57.705587396875224,0
1.4679592213224668,0.7999901889023278,3.5865464428205347,61.31789775847253,0
4.046805777392568,1.767956526703702,0.7295736196584337,35.196343011362906,0
4.050566973395904,2.164293753254091,2.691579293513688,20.59872659950696,0
4.335361592900519,1.9716423733440396,3.413669480348851,63.40661974129472,0
4.566202762782357,0.19508518083605714,4.565569816818307,52.13939596085471,1
2.556711994304689,1.2532166734187895,6.6537173681034245,70.16706219243493,0
2.507581473435998,0.3518324282036197,4.204557465838491,69.28330177404166,0
3.9914758948338758,0.6809080380700658,5.205157413235918,70.59957006727299,1
3.2498196538888258,2.4679902238411513,3.5438624164664194,49.10567959877241,0
3.509834386288517,0.4419893029636317,4.438728219634319,40.017703750211936,1
3.978963347180505,1.2973315682832547,0.496525512936414,67.4934921554822,0
4.450026709087831,1.5835737623634858,1.7807410658929288,47.07764678175529,0
1.689975784257679,1.7859159293058495,2.532971652435971,31.00653178420607,0
1.87791476319972,1.443156840368594,3.307453485045595,71.29844117368846,0
0.469909699204345,0.12345003380604079,0.31954121851668615,72.95359260634083,0
2.89140070498087,0.8835071397855805,0.9801686828732238,47.97858536841021,0
0.17971136898371043,1.3425079441233074,1.9377001545391406,24.541983638587247,1
2.3279900906623006,0.31087959794760006,6.800728836307354,43.269565395015874,0
2.713223173537883,0.9415046349020337,2.3194290497213554,68.2122595677562,0
1.432706260641422,0.17968746109927974,3.374287406784578,74.10644171277372,0
2.9541663028450538,0.28858839317204976,1.3726839891687506,32.20836454985575,0
0.15250124969524714,1.0526158628838305,4.275460497530378,24.018416721516292,1
0.18674094374607209,0.41851780970334485,1.9647825086118202,72.64102718797032,0
4.113002803298292,1.4620980358277396,1.4489480490689874,43.364296338732515,0
1.8009532070563146,1.7547159259294378,3.6160083991218537,52.505657856053794,0
0.6353025632594239,2.021408077861799,0.03854059412294575,78.08394872304554,0
2.611216300274022,0.5803605861875442,0.05364822854457729,23.99388367485337,1
3.849967765493054,0.5019581974217674,1.5334816637130044,58.89908044712573,0
1.0791051374842158,0.3509628168025606,0.257049537505748,24.446325354492025,1
3.114452379095001,1.627432598904728,0.7561802789148396,42.52813570799002,0
0.42673732496884,1.7955417435685628,2.372024545371261,68.22887271160681,0
0.2584086058430385,0.1758067475815409,5.61809975705869,46.00833396533807,0
2.65677315784074,2.3469093909848557,4.004340503585106,79.83094123417703,0
2.7031756080505325,0.2247310807635338,3.588674081694915,53.54355709679613,0
3.187149507491033,1.3991112047225691,2.0544217624568515,39.269729158157205,0
3.6304566686133075,1.8017452466821995,6.522276036029715,33.20667955428519,1
4.879260397312673,2.1903258969906054,2.779105288660342,41.03123205716971,0
2.5815017415059764,1.8138086371178268,0.6096493675704004,42.35199642557305,0
1.6147823647062298,2.0241473993675,4.319465612824609,24.122820663437658,1
3.9759309738435182,0.9146804621027345,0.7968687543362099,42.174451965606394,0
1.354161256310371,2.0555802729916293,2.4165619996118446,47.85431118435349,0
2.1948571035281805,0.2922756313232203,3.5518835710246623,63.36426513432828,0
0.3922819067113298,2.247559974545266,6.119557672796231,59.40376908329648,0
0.12675371707728755,1.414221702768967,3.454826062380831,62.525939313749255,0
4.813242073389626,2.0615146479099846,4.91581136222165,20.501820912611425,1
4.1799006025610295,1.1855638828439203,6.949717872993492,33.06004397483216,0
3.47987103046849,1.64458646847166,0.9204238392858713,59.70105730399139,0
2.044764722071349,1.3633663862466718,1.9231206786366366,49.03936209078483,0
0.8664716003542289,1.8558148522127966,2.762032529183525,20.318808540100758,1
0.7821852133554302,0.295911956873415,2.9527972497718196,68.26967854590934,0
1.2512144908229765,0.24484500157735312,2.8771475268588205,66.36857439742025,0
2.7461333235306022,0.6930477616243514,6.353277017895884,52.90514977961376,0
3.5729796135003116,0.482907232271652,4.998228511267995,23.987799546576326,1
3.3009868835886564,2.1922805598212842,4.255336498634926,65.99090297195508,1
1.3996694847297142,0.6261135696593063,2.1656090250394744,55.02281526388184,0
4.77432640331597,2.442076613965915,5.766532689549063,66.91759862947755,1
3.6894845834788423,0.9085499002506564,6.6854235803949225,65.10481954375042,0
2.7717702625570033,0.5370829976528783,5.748387977851586,68.18012431747023,0
3.058603731171761,1.99527641714195,0.01095573634031033,51.08048398427749,1
2.0980003121389497,1.6808986612021026,4.4548095912838495,28.4194710916109,1
1.2386549475057873,1.2956697194875335,0.3579476700947051,60.26944840278132,0
1.779863393256308,1.432872522250315,1.803250542336053,57.228427103118236,0
3.7892305523218455,1.8260842678534333,0.4166729024344018,64.53519123194523,0
0.07196744314877934,0.6482913791951169,4.226568170645714,30.19286036304412,0
0.5803632025345812,2.4912013985361807,4.806129394448248,31.698511994017352,0
0.23001321010876374,2.4395035891522796,0.8014134664613358,73.42457103315971,0
0.20364401159485068,1.6607816472326487,2.6868721813148566,64.99866790712426,0
4.277302920055036,0.5789018822299483,3.193655562688794,74.49370932201938,0
3.5182892969001185,1.7325477818350992,2.583371152326416,65.52291926983524,0
2.370869145436626,0.27327618155002203,0.8471750033963513,55.82931835941811,0
0.4891708032550074,0.17356600529393457,2.9326345313123277,59.24796422167242,0
2.4580793755841617,0.7184389324269128,5.258246334658927,73.3476754364006,0
2.3673588539028283,1.2102950961743593,0.49705365173278826,54.72840527071643,0
0.8660093495500759,2.183854012980113,0.5612600985733242,57.94347945970324,0
2.169258246189865,1.8452057674391393,2.4833990428518895,29.388602960216033,1
1.9925236719868673,1.8824956508799546,6.592079981332475,48.43527320696616,0
3.0792504902610824,1.121184002675381,4.680008527060398,62.98382671748594,1
3.175468254338219,0.930243982112711,4.750689696707954,36.25656189898193,1
0.2265200488602226,0.9904930311630464,2.533439935865055,32.13525083147209,0
1.873063073132356,2.4703589529665386,4.155625538459769,38.82960849346493,0
3.1292995785711817,0.19626205938995794,0.07091828819420365,34.49003767957001,0
2.5156812929004384,2.1808755906938764,4.452672324866795,32.894758222183754,0
4.282449205941611,1.4888209805737442,6.3930086330336575,45.491050572085214,1
3.293468158094725,1.152677006055017,4.288014278413734,74.47031083301204,1
0.8146721354071484,1.8406183849963276,6.115890154264415,50.4235788043231,1
0.3528437370021492,1.2680054594192869,5.0678113882626565,31.275222848919384,0
3.212096391031578,2.1962157713959853,0.8439089148258317,24.618300162852442,1
0.13255655270810907,2.2616844736270205,6.317173151000892,61.769368708275515,0
2.9288779063673163,1.112130224496293,0.4651069104904242,42.967925866183265,0
4.701151207124788,0.7643867133641238,3.7377723078343466,69.30985679512156,0
2.877370889379395,1.5216407886240695,0.9949598665542037,59.57064611844621,0
1.9408496310326095,2.2896720294800583,0.08194627511632846,67.77448703248211,0
3.216441092211766,0.6055892536135997,2.954239820893473,36.316762365106925,0
2.2912644524575834,1.5951198005523588,2.0652849535790936,61.54153534766349,0
2.728083946579675,1.6157445282220493,3.402003456583221,35.84371908162313,0
4.707324043882625,1.8594712537966744,4.0403992071418555,76.3441087670175,1
1.9305131890038711,0.41576244430542353,0.3061735061626315,58.18245689200246,0
4.805952819119571,1.8179799152370126,0.8610230658662195,39.470708010520525,0
4.526753209780319,2.2816780495975384,3.9104967751529776,36.17071173753636,0
0.9789556739464822,0.5312394612885807,2.4021714722086074,31.45559510429861,0
0.3468065043758273,0.6701039798173063,5.104214412846136,61.678457533623664,0
0.5038900068871333,2.431348225699935,4.566041540143578,33.12293677987564,0
0.09110912825774864,0.5343446865027754,5.919230540929348,55.71819595564934,0
0.472214803779642,2.1505242240869897,4.847449786684577,35.878101615521445,0
3.4150338670817844,1.2814668554752835,3.0095175417310367,59.71813668763212,0
0.35594324230114494,0.6933545785676248,4.7107663567610265,68.89638371243235,0
1.5948781514688064,2.1897997630540273,1.9276682197879298,66.68151458867919,0
4.2243765548472725,1.1687326120063972,2.1441944914474886,65.6510798558469,0
0.11635967867912933,1.3355616494312565,5.522896119445553,31.263344341535124,0
4.072342412944679,0.9621600865594376,3.1249366148110753,25.303096819071122,1
1.4092738738669996,1.523082043443826,5.588662383628467,61.93692970924314,0
0.5908241381082813,0.4924572942040546,5.756956615677949,42.10083282766108,0
3.483685826820753,1.0385956879642257,6.0029363636289865,45.94077358420084,1
3.14471423389942,2.42658957360469,6.416446650888451,21.868945567603465,1
4.387360067635265,0.7195202384827061,3.0168965435930737,35.574586956502955,0
3.675355219019429,1.6761679948991013,2.232067728247972,22.02058423246784,1
4.017404651924243,0.8804561541392677,4.075391226158797,72.75114635607486,1
1.4101728628565324,1.9563355016478416,2.598206964063393,34.60380099311183,1
0.8871977188986141,0.41409678572403963,4.207519167601631,53.44023017438048,0
3.753073758204292,2.4275705081885075,4.939101038506772,22.338759239667823,1
4.03417369633632,1.1890948993207342,4.818835129444958,60.01084347833948,1
4.952525710003367,0.6665211120315134,2.6218702091408495,39.38164074524563,0
2.0630883845571324,0.2763921935920304,1.1680214118912697,73.87515121745994,0
1.860090428963916,0.5074189722100978,3.0137053692354527,73.28709133604215,0
3.882064803709984,1.3474574765344425,0.9981590085733612,39.51743710170487,0
1.7040177012650892,0.908807623435087,6.230679246286658,74.05765374142808,0
4.653786628017824,2.089320078118263,2.421142225165002,79.76946040992672,0
4.2920637592150594,1.1341300567883343,1.0812182305632665,69.52493984743688,0
2.1449701368750915,0.6969142542103117,0.17813431934025614,70.69228086531373,0
3.754355338957487,1.5811479678496723,4.5207567040053895,34.940524166545394,1
3.7727143704234116,1.79626532052507,4.4583162221832024,54.60214393146538,1
0.515619344179663,0.5009005789622797,2.3842291660690416,24.03535483804207,1
4.512764533397833,0.5022861190919624,0.501983221933557,25.695076209300183,1
2.5262618622392856,0.18801142464050313,2.867402264266624,79.93355672199743,0
4.132287330538708,1.8673648361575372,2.178522465443755,39.598354965554655,0
1.6002480051530588,1.6931308662923323,4.7398444781450655,64.89103472293078,1
4.477616142481002,1.2391141017995533,4.240454746168832,68.39990318160899,1
1.9460083936708155,2.126009077526073,2.55215609738278,71.48139626043375,0
0.0541882574014918,2.0336083670801277,1.5252478797849307,79.85769784412939,0
4.5269098820963185,1.504850474552205,6.916251763089143,34.48978911541207,1
0.4564333839306678,2.183851073231821,3.178011348372804,22.42104961158198,1
1.5965681879520743,0.5940189040882438,4.8179196504616595,44.67149107967516,0
4.750309835254025,0.3686070865545469,0.9838707730485254,27.804840189736815,1
4.7530357346877805,0.747399067640775,3.3991278976157844,21.345553349723307,1
2.8671894406164307,0.23700845461435566,0.1927570390862584,41.625609628489165,0
3.159186060848996,1.374806867202477,3.5381858253731497,67.02429506451418,0
2.2422276098915987,2.3478536615079078,6.748121849823916,53.97084147350425,0
1.4660538584903227,0.19442449760442315,2.689446990900602,38.76667935262124,0
1.6433227268495798,0.3930637936240643,0.2729720880243811,59.260520329563185,0
3.362592280385192,1.1852776678802448,0.2166905364354047,33.92109081852864,0
3.7618726471884,2.3413000420669716,2.7159073196280863,20.8628867643251,1
3.9578952186292424,0.8587746519442012,1.1201745552423583,65.86120318618563,0
3.9480907139727694,1.3173635408521418,0.16346467429730138,57.42458509184055,1
0.45603051524345184,0.19977486172094105,5.293495297651238,65.7381574700576,0
2.472101523512907,0.45602368230901325,3.2096610621732347,22.336281001259938,1
0.2877938000832214,2.4679122951012324,2.0247134038085814,70.22717766983914,0
2.7476444116186776,2.4162848714465093,6.300582281115365,57.1715720021782,0
2.207652506866885,0.11185595424258309,0.8129727214036793,53.80372104275841,0
4.438520913791499,2.3843482850157733,6.691431802687235,57.47684288687189,1
1.7545750627603933,1.633887850757201,2.1977670216414698,71.86599481210185,0
0.5853350821380293,2.183003906848053,6.218825706160769,55.216190393534426,0
0.7149584102641793,1.1913756535212618,4.22060013535623,54.85702279329076,0
3.8075531585873614,1.3374304685902005,5.7869515181904125,79.44074942394595,1
3.0910903165813055,1.2732317926166086,6.8880921424732495,65.40381002411408,1
0.5056133806139512,1.7004742181106505,2.01883806473122,46.53762832706812,0
0.42053403057498717,0.435163011415151,6.727948397853151,62.443820001975666,0
3.5048456572955997,0.1719366156944271,2.7263732643169423,43.353828301507306,0
0.36381503182096764,0.8390318598188582,2.698583333158456,33.73252774900994,0
4.1093002964517815,1.791233830567952,2.38270972978154,55.811112613265564,0
3.531211135782481,0.5844482850950761,3.7898532514330965,75.69092588683708,1
0.4067439032094988,1.7162378399798015,1.0790153022494096,75.74837120092776,0
0.4241885704259596,2.427788910657449,3.875980397506078,40.51431668632942,0
4.933197892505877,0.3253617178946041,3.791933686870028,51.6606479733017,0
1.8713539787806015,1.7142450837403032,5.3333126882340895,32.69815391419167,0
1.8532107353344545,1.1650005263309708,5.835549733563099,79.737866569933,0
4.063997836287513,2.1835414105060127,3.083089452186968,78.86707447207614,0
4.736242886919293,0.5251594946737261,2.1163327454604564,58.97053578244684,1
4.930005319114354,1.762302285342795,1.8153442812196614,68.2648435806484,0
3.766890926294708,2.1114766951554644,1.3623668569341034,62.906009677022,0
1.881297927654579,2.3670741267376556,0.4035330753931742,55.58949314236809,0
0.4175035834933438,1.73979526789515,2.3971358518429935,23.200879819333863,1
3.885734579637184,1.2932194336202256,1.8917338449154828,47.285860553159665,0
2.792021248679025,1.5828333764829132,6.764921701064852,60.48717813004463,0
2.1211100462348815,2.1853719627489236,3.9039617837503076,60.65189683302108,0
4.53177192547368,1.4694633919331912,2.4309392732135526,42.387357105343014,0
0.5559874115307567,0.1729289432724085,4.063273206955872,76.50151919948183,0
2.4631255214542955,2.3342768692167466,0.9743769094198685,30.04142193420686,0
0.056768223837095344,1.7548642024757468,3.10830624441542,50.02156677293364,0
2.3433032099706312,1.7236321258653917,4.3836402499474465,61.45303859304937,0
0.28151637840918675,0.6176203657545212,3.4222848225471596,61.82814835350855,0
0.5940895813403596,1.6813251285583772,2.8124516045802697,58.918337406128934,0
0.5876312338855244,1.0452745735699804,6.956938722297887,36.51729280711161,0
3.246051510580318,1.662959144899581,6.162203335042489,29.372394121197317,1
3.7302243963271167,0.3558232727391777,4.363841707116081,58.15641960960265,0
2.916843825485798,1.6788287310472865,3.9856415282759796,55.958126968366265,0
4.810862742372709,2.4985929418495996,4.344623358772088,30.76136061735446,1
1.8743528976185204,0.21570889326533446,1.4091847547570326,62.3083487342338,0
1.4285604314093037,2.4452180421311613,2.7659642028502303,47.31031950401939,0
4.342995640947302,1.0765791057348895,0.2762167302362952,60.065635496189174,0
1.117979192597263,2.189808280809422,3.328822262407787,70.24202478620904,0
4.816112697203057,1.9777251617398564,3.8011720877036423,30.18370571461539,0
0.06077237344908171,1.4608390263680027,1.594248152722467,21.1486920798102,1
4.849394133538195,1.8722781022031836,6.748201930158596,66.7461551837472,0
0.21579955975288057,2.208437347123235,6.366182276560694,56.581845509156956,0
4.455715568490356,1.069936771962479,5.055002648191341,61.978374177327304,1
2.6385055454314994,0.8848795877517728,3.733706401357538,70.28929849931856,0
4.964823980596502,1.7022241253526034,6.089784117533795,68.16865608947003,1
0.3689828236769943,2.0388302606590205,0.9145664067642404,77.65520881572948,0
2.7692714220066037,1.9294843234638779,5.533568559924195,52.156104731127094,0
4.846512678095495,2.0147527572607227,0.8737456977679381,49.30973795959432,0
2.615489220850744,1.1453999555510392,5.559474637845838,44.113231993443804,0
3.1469931906763127,2.0628021188200516,1.9303729777594987,29.22146257065227,1
3.4787434449230856,0.3885017328894602,6.139634067127322,54.356433972921344,1
2.272705323838866,1.406773835106039,6.608294656777785,36.620751459558726,0
3.137790400420317,0.11382078519549177,1.0415717858358096,75.27845073277854,0
2.921571559615501,0.8790059917606486,3.238729235457755,54.99144825662585,0
4.505790052454945,0.9795076836913549,6.866911647138796,55.57041083048661,1
0.22723190170728935,1.050814459862213,3.3838520518120263,41.2954796526206,0
1.4048159479611515,1.7691212960556693,6.044832657601816,23.11936111866245,1
4.752057420382794,1.0325394430488297,4.121120654919239,21.904625922379317,1
4.4513189194545815,1.1768646942940737,2.627309355437213,45.40010864919185,0
2.278283763928565,0.6701059140983858,2.0004848886810915,25.07392268583427,1
3.1006629890076836,0.9958042999104162,1.422561637602611,56.41081733240835,0
1.3869059149056633,0.6454471054315635,5.33258733964388,72.85838033837945,0
0.9406057986188066,0.27567021704426475,2.705783547761195,72.97488899112332,0
2.3184920246999106,1.548276624115307,3.5789282354052583,59.54272460793394,0
1.766761140130264,1.703710716532039,3.4462783600082734,32.67390988837586,0
2.9182805592543604,1.586776830423075,4.0409532046319185,71.77980988153232,0
0.3886731848249242,1.2123857051213738,6.059040019371865,73.16560611879248,0
4.8719740383308325,1.0114858724301516,6.865175405084006,31.799215097177523,1
4.931053722398015,2.1720007589723807,2.8530894600167187,64.24556514624064,0
3.490808570098726,1.3457962843269233,5.792632454744122,37.19117293562738,1
2.680481831720602,1.2500365063113543,5.351694562583024,68.15841874117578,0
1.5476380814316388,0.16154095793544565,4.014702660189013,79.83427399421616,0
4.068975098534743,0.9189947863027752,6.692330005283532,21.801560319763567,1
3.4236558627693965,1.012469485086057,1.4033216086988194,73.84195194745593,0
0.8130846967244565,1.0571746741525612,0.7648494721673499,57.357832015919485,0
4.554635922469212,1.4924136861455974,5.977733768687955,78.40295714988926,1
4.112686214615845,1.3806461121445084,3.0740487164362382,47.90057105158566,0
4.74899956645962,1.558972222704267,5.928781979449424,70.84327583428242,1
3.6285975419418,1.9357198277011078,6.251631436367904,23.743644115896632,1
3.0670759796789495,2.0511657729186243,0.43720315533350007,40.11674300469774,0
2.0912151814530944,1.8234953829435867,6.1842533409024245,24.0209922650726,1
4.663642416770067,2.393256870291843,3.1382333875859554,78.52058800874423,0
4.330319447502042,0.14375819842326792,3.5730274230296253,69.0184344363102,0
0.22609335053094703,0.5698671656405107,4.386147577652472,71.15284527475822,0
0.13183487248626002,0.11815089994754109,6.484678247110607,76.27791388603364,0
1.8823168343902479,1.6539393139710472,0.1338126610083482,25.10620916718712,1
4.052766653909164,2.2552733174799684,3.3379042782247197,43.1358555508,0
4.936380646574722,0.6843575117831182,4.814054297013925,24.262093342640128,1
0.7520844555176409,2.324882907511136,5.058948703887599,32.64758609300172,0
2.9706535767606757,0.24464173669494604,4.847727020759756,33.76194662226034,0
1.9044542831551077,2.3426464643332343,0.941045905856853,48.14643266285472,0
4.8495719890730165,0.9438944493751226,2.0957691186017686,36.11373004721855,0
4.210594615678543,0.34340998827811964,2.511008677919094,26.058686409065665,1
4.1916435235556895,1.2660922220471815,5.631060453756535,30.04946534564646,1
2.3434657989748513,0.716263762529219,1.9513191069018712,28.836533813125456,1
2.074097511688326,0.7836949647086148,1.4749347470704222,78.3846078747379,0
1.3670353596535312,0.8374959158230877,6.702136133266674,65.55755041510841,0
0.2818774832546356,2.0272621547983922,0.062042995794282296,78.06568791617372,0
4.323611881275266,1.393987064020611,6.984745989773847,46.38442919047451,1
4.064505045650388,0.8471384779744087,4.737749092001769,36.702108899759395,1
4.998588366430653,1.5648010799462042,5.799285096143819,67.8975918325512,1
4.983184185369527,1.8187616181356645,2.062335774423352,39.57523508246881,0
2.7771585280131372,0.754297601760481,0.10020694366941985,37.9630024223209,0
3.8449370759025525,1.0925178436608436,5.165086629930711,33.950359532469875,1
4.72382864941214,0.3925266240086741,5.8390121790047305,27.780738693454122,1
4.248236953387058,0.5347584388832327,5.183332923674634,35.387783661005955,1
1.2367405087159882,1.7346828495159587,0.9999520111058702,41.31918490843326,0
2.2527206765504677,0.5354520344695046,5.273995455798784,60.439652488743825,0
0.6457970757574749,1.3603921208009444,5.382459474753487,23.753890533167095,1
4.770255136293612,1.8017110281338384,4.609783609690385,32.630416379920575,1
3.0308731722544002,0.3565046154273852,5.362811529569104,68.54141841750058,1
1.1432140275173137,1.4615493271093685,5.921450077744125,28.815315415026248,1
3.3585034220292838,0.715750680883273,4.295228799662209,40.55870879135129,1
3.090641202289479,2.4110245005701914,0.6202329977877534,71.87953531148841,0
1.7908135901642024,1.2605095521278193,3.413394667670476,29.29551866860656,1
0.5677879609981451,2.0343821194603793,0.5435453427012354,24.964210137091392,1
3.357865977963998,1.4205437011750284,2.852801217227016,49.07227970480065,0
2.6015385045189667,0.20419007885156598,2.8497454238793933,38.14517067671218,0
3.8615919586781966,1.6195633014256536,0.46206890898169106,53.80450186903125,0
2.600817505559967,2.383368021295977,2.4417437377863553,68.22829342900852,0
4.2609075015927,1.543868368351195,0.7769866915392039,28.22890928916459,1
2.759534193872428,2.0660532626242962,5.657646470064555,54.8419450732571,0
2.8046898576769315,2.2220955120361787,6.633816181751295,50.330525623391836,0
4.383268013291725,0.6473914526774379,0.5062153268055702,28.644727160791973,1
2.0174143310619854,0.608907615779744,6.68580645104191,57.43990913173894,0
0.6700761422532037,1.5663543732423801,3.6580361953572162,36.4184250716463,0
0.14391338156669486,1.0864683275360913,2.0969597456771174,49.27005911264075,0
3.775686278368095,2.115667126880129,0.5380345269331446,24.936339456623713,1
3.1015477567673235,2.2600554961552266,3.504369876492925,47.57504343281738,1
3.5203988404961177,0.9482113103265234,5.56160881143524,38.38780808256922,1
1.0648208075445535,0.6684893415387569,4.949605340866887,69.34287267112126,0
0.6818573779338488,1.9732612365852684,0.35158208024781634,23.418723619842098,1
0.07272332833940964,0.7595344853155266,0.5103128475753246,45.1164364950998,0
1.7529377940329849,2.074274364432828,2.82011297842846,47.50588544788628,0
2.9495884342731653,1.1169718087570308,2.0670334583356027,63.500364577947124,0
1.9612202254986615,1.702119758299529,1.6266902613923349,54.45725450541266,0
2.1873746101186455,0.3292847532032036,1.967031492360995,60.03274023165086,0
4.520793472468742,1.5972623792237752,5.624379203078193,66.62295713910537,1
1.7412773351165018,1.1842424289693498,6.504596375422977,71.73217841949133,0
2.569947445799054,1.507860311621138,2.835718861692965,38.83252980334823,0
3.9182650637057153,0.5032340985876722,6.34277701492748,52.28136232183418,1
1.9827139116063508,1.8684969878660371,2.2504699087351736,70.40648470635199,0
3.1104335011393673,2.1707129861037484,3.3350589044065413,79.36706785790338,0
4.311818543733726,0.6201755202178615,1.582202984711998,73.37115866262579,0
4.747603118288211,0.32971493324838813,4.483332295230908,42.28803575746261,1
0.7353674046451897,0.15673260651120735,6.852867806223662,31.709991033119024,0
4.632938125807472,1.6407316010638384,4.22445167230365,49.36355224439532,1
2.460581465397691,1.5570256866130738,2.504698588794842,64.49848711016253,1
1.2912219414947916,1.4120737905137681,4.534722121933699,49.554144245197854,0
2.2956787811913064,0.6566730306783409,0.860444749257713,48.99085179882011,0
4.900162876427386,1.0381743901732352,6.220613561857791,70.29382526490804,1
2.463090469964348,1.5267432044468154,3.5215876554588545,41.68422674403118,0
1.643758051437541,1.2922404612620066,3.1454481942774946,71.58768048869874,0
3.167004271583629,2.4706852485157293,4.101053519174634,44.40828805710341,1
1.2007280938909655,0.4274554061361595,4.373487039525817,39.69398634070036,1
0.3793166405433196,1.7683469297142251,0.5024306435855912,47.23939467198194,0
0.6443986095532461,1.0703650434503011,4.7783205485638165,65.7468175204921,0
0.6402291947888622,1.1276790758214754,1.693521762208707,27.560121671839656,1
0.7595134675614718,1.822234637579623,4.997668427546128,31.78515295232104,0
0.6941358632470507,1.761846763178487,5.757743560689377,77.08668953978551,0
3.2043737240160732,2.479014384885252,5.627709552867642,30.52949764288144,1
0.9094004219957241,0.4081462946899006,3.867506771855224,54.06363907586327,0
1.728336416619316,0.34986315852199923,3.641189246175258,54.75886799971627,0
4.483942049530059,1.838413161108979,1.000131729375882,49.37746772301469,0
2.3698082013143615,1.4881286008153818,5.427423052821949,58.68471491460912,0
3.3377886926051357,0.7579855997435341,1.8998656631270006,33.789603547857105,0
0.8615993560081492,0.29060648557356783,3.4768679597256256,53.15973606660489,0
0.9614450940433539,0.3055797990314333,1.989918650492617,42.33039531481383,0
0.20434308133239432,2.246058099193884,0.936798540997852,59.70003557775134,0
0.8446753153608227,0.560481579324983,4.406903878242156,28.47341260238897,1
1.3929516951597931,0.8760917490772497,0.3803242437603268,54.252645010368575,0
0.8850524213837341,0.6439753653447712,5.2405166388834,31.116221322999422,0
0.44351266878527806,0.9519911339966495,2.2231075668278164,36.71858378690219,0
0.603179355503004,0.2666172225906241,0.0009428510313972405,33.12258801941499,0
2.303893840163629,1.3457434981798488,3.5779039746606087,30.970266792129024,0
1.0316685920289625,0.26227015262131576,0.3279633596932219,69.54265709364002,0
1.8213493052403773,2.0208556187736675,1.9331869047462962,37.14245405965342,0
2.5170863542742845,0.6609089965850392,4.9488354121900135,75.62742691186696,1
3.4519741431468267,1.3960285950508255,0.43882735135306106,78.19559152071145,0
0.19656069920549468,2.2121898101474997,5.875369446492016,54.27562819622584,0
3.997051994545213,1.6621056857132661,0.026739458610081757,28.580067359943584,1
3.139501947454539,1.3790986877232048,1.7277670844133157,42.47289460277487,0
0.40879515974435954,0.8784010074769014,5.1863283930645,67.86393580089285,0
4.3678931205338865,0.899204591339675,2.2138910481051477,42.04344372182423,0
4.604362002659066,1.7067686924756564,0.7132467164620947,25.221033098167325,1
0.30538979927431875,2.485934466930802,2.5216374316029952,53.407094655691274,0
1.3843882407360186,1.6884140556385088,1.8927530046916787,70.70725108976208,0
4.031006398965307,1.4386802016880598,5.898983315123885,67.75558322861013,1
3.7412984519182917,1.8535612245741906,2.193435423096002,30.507388407821196,0
0.9226050967818866,1.2164934694809235,5.52252730243205,60.365876864748,0
1.0467466166835515,0.24434162224188452,6.243105013675143,33.23025580613883,0
1.85236051395691,1.4495123581069835,3.036721937035707,33.09245207313033,0
2.4226149259551066,2.3983006828129123,6.369602006980744,72.44430639831111,0
3.0912738576514798,0.5207270616583831,2.64122637774235,34.98013716441381,0
1.844568197848862,1.7560117379695979,6.748548915430757,35.794840791080674,0
2.3126735806657397,0.5822408527817355,0.6250266716790105,20.039203445677973,1
3.7373546906687825,1.3859864427353952,4.809134865522699,72.24014204753107,1
0.1834160144529895,0.33202347915212704,3.4566982831985005,67.55568879254808,0
1.2621847217201037,1.1808902470196443,2.7135416381895294,57.63973610544068,0
3.566747929422762,1.9147919893485905,4.428983151240207,65.01594583633053,1
4.476034188435997,0.934171658173557,4.926999641440318,29.122914045469507,1
2.5583872105783305,1.6957881387693232,0.03054288755216361,47.499415675254525,0
2.6605674263265784,2.00907990589535,1.168671621230391,41.07316324092685,0
0.5358600566988803,2.3252267667506863,4.991322354440231,25.62659157542099,1
2.237061834117273,0.6631409964530884,4.664697895047445,49.16782911289545,1
2.6630863322751157,1.0583581979423395,6.7623325359007405,75.24437902055811,0
1.2123525181736483,0.46579843199300186,5.327264531755481,22.40354714304167,1
1.3462161547469047,2.4819604051801005,6.655408954119366,37.48765480962763,0
1.8864208155231132,2.3248023230183086,4.917783510743648,32.45245617234221,0
0.10035598888863184,1.395897112673343,2.086365460476102,34.28879921994178,0
1.6103958279158914,2.120879906503411,0.7375544557559953,74.50607311276252,0
1.0572400349827231,1.3502991454529012,5.4727670434145494,48.08414325405741,0
1.6374867608895731,1.5966056512066233,4.509044550331412,47.97796477638913,0
0.5988106590962561,0.3138986370784399,0.3373020867530736,65.63453854731694,0
4.452636403699475,1.912649009192339,2.5203532613068482,29.269532240295547,1
2.9679622677702433,0.40651236072456354,6.697598708390003,49.235921246003045,0
3.395511595722448,2.082562312606068,3.5028080199714084,45.799112847263586,0
3.9458561930366916,1.976867410408926,3.0291039521379326,55.81464143279937,0
2.492210994645286,1.8009872745831434,3.2038972361150577,79.97346219502631,0
0.43460144043711846,0.1867849132594291,1.462179068036146,66.16693364492284,0
2.685532709092739,0.8275080542687886,2.5809501960535663,43.87194218104563,0
2.9342055901043955,0.7314701677860228,2.5886927919102365,69.65318313644282,0
3.72719737092165,0.9643273779316458,0.3664851413123068,30.242501798748812,0
2.158297731148397,0.3103425922332125,5.372973399625428,21.827821178537608,1
0.6379015139778188,2.3486987752745505,2.9155310233271527,32.26690234785639,0
1.4188795289936222,1.429125377709703,5.755259207714963,40.42469336685558,0
1.8154114819931755,0.8332583455792565,5.9524360078392675,50.634845447573596,0
3.229586206658006,1.0527556409782801,1.4839583828906064,56.90774843247199,0
2.8538915233445596,1.1732860972116057,4.6014743751909,74.63634303286531,0
1.7804836294892312,1.5414264000654816,3.305972629140872,50.59124057302746,0
4.932576243964898,1.3376306264715947,6.161097165450395,50.076538677543766,1
3.0288740967844356,2.3065407357146017,1.510184754235179,23.014580589378927,1
1.1861339586799724,1.2927123589739926,4.744692402170309,22.094693159373428,1
0.5089123631020187,2.4811792355759503,4.254264855769058,53.06959771498232,0
0.7642956959216601,2.14341989858823,2.0671103430028293,46.290716794900675,0
1.2297886419225406,0.6004252344576059,0.9562063255582083,70.35082369881792,0
0.8034068662977784,2.333428515145399,4.5614783233409355,29.64077508271071,1
0.9328351202565288,0.37927935492514264,5.170182206926315,21.498299727022975,1
1.4254758434692354,2.06187930037886,2.20939140634345,46.94232607580756,0
0.8668679764737741,1.013495904343792,4.513828228156196,34.24871340513545,0
4.483827123132126,2.2071383690681667,2.765916353280523,22.976862400330248,1
0.40116872830821104,2.1833360562578807,4.992448182978324,63.47589721085774,0
2.6225569478512734,2.0342209602822905,1.3945069242583719,26.695579997434848,1
2.0519841349483077,1.9960730471369472,6.231505018453221,56.4991700004663,0
4.911893084543032,0.8312299338352979,2.011867175259058,36.86298501001335,0
0.5601945108402617,0.29420627932300525,2.5745019142930703,30.409763021301323,0
1.9892779952287083,1.0671524290363874,0.4066436645624485,42.78509137515905,1
4.847352166376845,0.5164588359676208,0.7805854862489348,68.08674657337721,0
4.327535629469901,1.7678826133659082,3.611033318986297,43.52561461427436,0
4.0853603547464,0.9306393436906852,1.8731487370958004,65.04617895266334,0
1.289514135224699,2.441464482063796,5.848361580195361,27.52917780794904,1
0.8544379369503291,1.638332985628797,0.1028537205846769,66.36628517990475,0
3.343216099622155,2.0739533527224663,2.6536583407035534,34.215999494398915,0
4.646879945637929,0.41805921458043627,2.3614188273836487,60.643587793332365,0
2.783814465069649,2.1688347574542943,0.13529341642320725,53.94689329045978,0
2.8580634473494992,2.3146172572321464,0.8705787930035715,75.74868303270124,0
1.3998954683014209,1.2689486051654462,2.895498724430447,43.23935107851884,0
3.8474646659596843,1.555007050602346,3.450052091132126,23.969911330066427,1
0.9352187427876169,1.935543522167189,2.830028230784084,21.149329133075174,0
1.6183961820212183,0.5196127054249902,3.716563748884657,69.6115136583652,0
2.127182193082084,1.3061585835122618,4.16592172433977,51.484138259685935,0
2.538051893422275,1.0567912666535515,0.06946674789484941,66.51464311009696,0
1.2120486620754012,0.4512975811893979,3.248666116174527,34.065536000690884,0
0.5741841236960177,0.9820826134996754,6.744494686213118,40.70502473079402,0
3.0531002122081627,0.26361354252518454,3.633225960906841,21.806232332679137,1
1.4431527662012789,0.16194857667876877,4.742795872212672,77.68953947444673,0
2.9061911071130613,0.4243990939715746,2.1830470054181825,60.072074402048806,0
0.7718135763710116,2.411476267814017,5.417939647069337,75.99230526555837,0
2.4057005092740873,1.4188708861480408,5.4104503731328055,35.92978444574434,1
2.6629471627579293,2.417973186767728,3.6490723335789728,56.68781667353965,0
0.25911768411213454,1.1379949079923168,6.832096762954495,60.70999809755827,0
1.683021390969603,0.8483587194046229,0.8788515033385736,39.05298201545531,0
0.6720733846948712,1.314740470816586,0.11863365422706695,70.8865541009378,0
0.3168748523638387,1.1548280527189843,5.391107482299672,76.82968777401487,0
4.949801161949726,0.3535952422281854,5.650088761554178,73.09130706176026,1
1.6117692248736148,1.637983155256495,0.8414506038440337,64.34401855636236,0
4.049372229273175,0.618491638023039,1.8590798307102425,36.64788078349724,0
1.2732032738188193,1.587011091754791,0.12286654356640236,36.8969625263379,0
3.4075136111196462,1.6604826217555682,2.053160275463953,77.80161922676228,0
3.8011392994484328,0.4648596475087554,5.4119931174307006,20.61706975614152,1
2.9781937030392216,0.2472391050656036,3.6257236939880526,62.96299839452867,0
2.357880942750792,1.9738278065642556,2.4366691521780166,62.37476975331573,0
2.059204570736343,1.2035210170463684,2.602175064344312,57.361372456987844,0
1.7443413327149764,0.2395931092131419,0.009475380008277079,79.40653076521195,0
4.64764572123913,2.487679161207441,2.0986036929566514,38.712766145823515,0
4.153097038938646,0.23867334639127993,4.525211191465513,40.398311827594895,1
4.825134553332563,1.7680845492605277,6.8193611067145,24.736364176793334,0
0.6214861174277236,2.4608294206321926,5.929425788887297,46.567888192624245,0
3.6543373760182214,0.6740322501182214,0.16516475251870388,35.662911574090884,0
4.691702284105189,0.4413984848492708,6.289924232723875,40.60320213065865,1
0.9061653308283008,0.39132385461382935,5.4823888930903815,70.07430741533766,0
0.3324813368338875,0.8278603541622293,5.462632864996863,76.12907081164974,0
3.7056032464502953,0.34250994642555205,3.2059703130250004,31.143984320311137,0
2.8723655658995595,1.7611872200659167,2.7860370506815197,42.35053589320795,0
4.20914388379136,0.24950031551215046,2.1204101018323485,75.71783372692364,0
0.6988618831314475,1.3226131075594953,0.45986401268056043,23.708507641353357,1
3.976336559299451,2.492072449247144,1.5976475444558937,25.541631686682713,1
1.0081366002387226,2.053528646814445,1.7262254448461722,29.767459352373763,1
0.8182797143285225,1.576526651754426,3.388539487971411,55.71277004761249,0
0.8213289896549647,0.8350086898878679,5.232110846176858,29.02833626035985,1
4.07287360115691,1.5973500070999325,3.316668798785626,78.08458288704401,0
3.3259861034810005,1.364899513387964,0.40491114613012424,46.802871635511224,0
2.6153271238455966,1.1226001213368917,6.704528606917427,50.09107762100999,0
1.7941524206175123,0.41370490417647876,6.599070233658786,34.79951694832439,0
4.386002704065541,2.22785011657712,5.496326802038858,48.25761514608401,1
1.962225537113177,1.1794831571711741,6.939295310949544,59.71481795822069,0
4.082997197357885,0.5670940283698361,3.8113763296018406,65.07062821724256,0
2.195674542851092,0.982622442105495,6.739378451772442,65.23208496259478,0
1.884722147124538,1.0939114060694248,0.5292352843172554,54.6734667616453,0
2.313398928348032,2.086090949360498,2.559765237829599,74.26158649963143,0
1.5068893708207103,1.860674513347365,1.577668876047361,69.04447083836656,0
3.7380469008812556,1.9463317447392154,1.37083158893989,65.42288688191752,0
2.513601950462396,0.1264750346287533,0.9856206422487326,23.336331300827638,0
1.1610634757340865,1.0987695956314276,4.356895490961977,20.41267773317896,1
4.497872866372842,1.2552259639247767,5.469252990231135,32.74683663172838,1
1.9194561068660572,0.14606146437533604,4.048088795942524,59.81141563480713,0
2.717764305569943,0.7235517009880821,1.0287389671174676,44.671849332952746,0
4.532360554822735,1.924695575493124,5.677866389534296,44.1443755579587,1
3.1211899795699605,0.42906329374959773,4.4516829501460995,73.07521329377683,1
0.5844902035418204,1.38474431548622,2.717159942888969,73.73377088791032,0
4.699160618067376,0.61648449284137,4.718912068752441,74.55051584321515,1
3.138540265357089,0.12908985914534385,1.81933485469983,38.832684590901636,0
1.6745280732854306,0.6788834982388995,2.4163454594594738,61.46334876435571,0
0.6963603633169363,2.442097011784129,6.422400901923932,36.29799087646218,0
3.9701259463514798,2.023689068519175,2.0335315396999425,31.436589984466988,0
3.1003637796425676,2.40298394637048,3.289917877105556,31.077947440842152,0
2.6673054598816077,1.27084970542327,6.230987961772103,40.52645725181564,0
4.4694629152547884,0.36336687682600843,4.9540494518726925,45.7974571867893,1
3.9429860561226535,1.415102773536863,0.43542258315291926,69.8569502633041,1
0.7583743986637559,1.190505602943906,1.0311213099527925,27.193465608362725,1
1.5586103389777413,2.1264569985750783,0.05489113540341772,64.09555084369364,1
1.2424456990723287,0.335398193882187,4.416452531604143,51.88729485135832,0
3.719731462863385,1.2717787288522677,3.133713977872928,37.27672056055955,0
0.1676621736788969,0.46011679526556226,0.9399239563159287,49.569175071969475,0
2.8494484243565825,0.8792222245361438,6.705538847397393,37.99652418662136,1
3.8122934287034527,1.8696569857307193,3.707618067619339,55.76491731429836,0
4.383828183808747,1.2424435104850398,1.6932530587902241,46.03063537131465,0
1.7104087435795372,1.0021318843498463,3.504224998082953,29.864331744732723,1
4.1062865233600645,1.0467430685680847,4.757342329145755,26.994984473341802,1
0.5531586847760361,1.202672244174368,0.5336745258149513,52.80174092432781,0
4.232261458672591,1.9840397052089365,1.922926705335244,74.1447819971662,0
0.6374433116599121,2.2410032534565625,5.648758436187955,40.637461193461135,0
1.9864364528018363,2.392803247609428,3.217654092818629,63.980006433357396,0
3.986476828897768,1.9885681270127082,3.8260399942260643,59.51968129638602,0
0.7495871367438689,0.8569765497952305,3.0297120154662847,75.89329485856885,0
1.1462569761632073,1.7515232946077013,0.30729959850103583,69.25886103794845,0
3.611262841965331,1.1502474977329407,1.1602484587410915,53.99631553432778,0
3.600182682730372,0.7112094929105228,3.1187914711932363,59.42182989404644,0
3.2057381644264864,2.118091790622214,1.4642982578554946,73.90318799504209,0
3.4697422223355003,0.19222323750957998,0.34985320061775116,43.97112707521609,0
2.713622216737981,2.2642287811250164,5.9055476483627665,39.60768235146664,0
1.2589952945347638,1.207545915099362,6.86834770414881,20.64866501811178,1
1.7284799675195972,1.629283544339873,5.552000117977176,69.59306445148786,0
0.9079885840071283,1.6824494132938785,5.976494451932669,68.0588420242019,0
4.542252806668142,2.2482825776956874,1.6938399122193175,26.26727108600908,1
2.916958973830602,1.6280072372012977,6.7243888285923985,54.61144286796201,0
2.0042570838181994,1.5734406034241484,1.3784799311739988,47.83890189001325,0
2.3100290182206633,0.2599648973456559,6.660008672532826,27.122545730546687,1
4.7364166980590765,1.34417925266849,6.9637350577616575,78.83409362364341,1
0.766757015580401,0.46040560196089997,4.982059640222341,32.88175324780133,0
2.931149160083986,1.8698410449315654,6.868006122542753,24.03405080543367,0
2.52944339442233,1.3293326099504188,3.9867784569697258,55.69084277011457,0
3.0572711771732393,1.732546670100048,1.8167924822326325,64.33200062798196,0
0.09055091910420254,0.20001496144572223,3.058971199659346,21.946606762831216,1
4.360619544720757,0.3035008385099277,4.154926547651502,59.52305832362133,1
4.660591412418062,1.8191761313504375,0.5115709341891049,51.93751255708727,0
2.825665917946045,0.27300240639681606,4.3564028523207226,26.195900532502904,1
3.483254119384461,0.27101614663662066,6.8682448573360615,30.35143261678172,1
4.612496905886479,0.1290603405637299,1.3307535484860935,54.07845783896483,0
3.536193171566993,2.395603355918752,5.548165814018683,37.7814568107973,1
0.7626952145713067,1.8700200627016168,6.355291556457336,76.29894371907896,0
2.881441800834066,0.9478033804049539,6.605911149741546,69.12441376904304,0
3.0335752319142797,0.8116853950903725,6.72094923083813,79.01403239081978,1
2.12065335651193,0.9392877513900388,3.6502174710503037,35.580250337024836,0
3.6822211781236143,1.9591684748348364,6.841155355940526,78.18341796787863,1
4.671835073845074,1.6872894665689946,5.301171449941072,45.87403218749347,1
4.627842564533882,0.544469362881923,1.1317000536587334,40.85112771882528,1
2.2541968570206605,0.5178624048018025,3.33830074527579,23.020971618161195,1
0.5661902292037763,0.3361495593121535,5.028318227604028,23.165915471576156,1
4.924205994811673,1.6847265272832115,1.7313822107335834,61.52067535679928,0
4.194490432229671,1.9344943893321662,4.484306284842211,47.475739666041676,1
0.6233134060163342,0.7361114279800096,4.666203353326335,33.591297562166346,0
4.604209413086862,0.15026790647419075,1.1388982066599613,56.83821837951396,0
4.349481810310642,0.2972120019434256,3.955597187169294,35.17148709500667,0
2.5941902856303605,2.422864083628073,5.401388376850254,54.65790526066536,0
2.9563771787246464,0.8090674659458086,3.4922696517515934,41.552524818961416,0
1.9950135193506513,1.9461355548115207,0.08472181743275198,69.41313359670914,0
0.27380819411015667,1.599192565250233,0.06326928355504524,69.24176964600676,0
1.6759862082295047,1.0166551351669502,2.499205407790085,48.641023887344076,0
4.014267242990057,0.5936494292693323,6.483358479022474,41.04914656010094,1
0.023160115023014294,0.39132740358257545,1.6007374572252613,41.75358779354568,0
1.667495858455721,1.57603112329328,4.44054582210181,68.34287154009307,0
1.9908434679547167,1.9591210735306912,1.554531094853244,39.69076896785672,0
2.6869780146896143,1.6453702084987136,2.2516899276168405,32.54356242241076,0
4.599278082063803,1.37272511979798,5.936294627210388,25.08130051251841,1
1.7317299718298063,0.20068293623592703,5.102030095889628,48.0015872530645,0
1.7347660094811386,2.4243730662265213,0.6677949411924744,48.927925935190515,0
3.6875062405487418,2.0169140599709787,3.0009141469050356,70.45452262417443,0
2.2610897044490357,0.8027728880823153,0.20418834551685128,33.274321786763835,0
1.1230241146999098,2.4519287904612415,3.366231026221063,42.859476420103995,0
2.262197580663467,1.5445158151271732,4.637038081907477,68.50434433362145,0
0.7042851018989993,1.4978143796973915,0.8295183651870609,69.41741664493841,0
0.8819349325311165,1.895375630630877,2.0221945723641594,43.076664558726094,0
2.4918388636973985,2.0482474914163302,2.7848563785150984,47.547441397200856,0
2.0946272475227397,1.6755486575956064,6.436717172592348,38.197153450956975,0
4.5742295053405,0.40742979127888,6.952785107960748,75.95329270515873,1
1.8119694955831656,0.9118420143867961,0.314379092969311,27.118625944494816,1
2.9029417513902174,2.3274007367825194,5.327055464467744,76.0249653800882,0
3.1613214395976517,0.6390774684252446,2.6020684648164027,61.031987110120596,0
0.06547228294166818,0.9932008572100319,2.74720730360636,51.89432916120387,1
3.317686860083553,1.1369845190660703,5.279854813429159,21.95954364706975,0
0.8901798343487571,1.1545719752666852,6.428985025017861,48.5357715093205,0
4.805351587347276,1.5710549979868613,6.6565001615178385,44.46488630016394,1
0.7433136387655648,2.3633820105872982,4.039858102268245,29.673128718507353,1
2.0731206186351185,0.6776625083980119,2.4998481151035197,59.38457621003941,0
0.4267483403932193,0.39160330312220337,5.512843601011455,78.26905444209714,0
4.984371259229737,0.5739291756638495,1.757009682836102,53.73132866387151,0
2.510975051656213,2.2286197605022466,3.9485182018346245,62.88519658663675,0
2.976925086600219,1.6499459503724945,2.5100492306741122,24.107027153961006,1
0.3353823869421374,0.7861762941739843,4.596417515955133,45.06001974901969,1
3.749802351995889,2.058272653524681,1.6827923902545483,26.98150910986975,1
1.0495279654779288,2.1672879912722465,1.3411506201437804,56.76775013219063,0
4.490271447203568,2.131634412856667,6.427673606728059,76.30892949284927,1
1.0256982024100358,2.305423680734931,0.7126257806467583,59.70666394829831,0
0.9534386033183329,0.7053784484160678,3.5417053541445216,24.60818289886529,1
0.1827483392404744,1.9121006289910678,1.5459694807410624,41.27997229910497,0
2.360334725549996,1.205294793457936,0.27250974327967215,53.03980276645109,0
2.824205666313082,2.1207965269361475,0.25213172803998474,44.19246536799513,0
0.32854319714176183,1.8483776251878716,1.2265524047407914,70.01864062851034,0
3.877638083475053,1.9634738715993392,6.067392481542002,68.88026028259935,1
2.266444173740138,1.6747884104345716,1.9773512078391866,56.70986120619329,0
2.6219513466379003,0.5258290467272965,6.65321419402707,42.40747670796232,0
2.2038137346911406,1.408064605352652,4.071356050924355,35.32018242579465,0
2.00381530437663,2.4632073748588197,3.0562993283813626,26.35245909278776,1
2.7982016565410897,2.3497313595930853,4.060621842686182,41.29386100919324,0
0.7762012296535625,0.20361696591282802,3.6168886965838745,44.79035103246317,0
0.9096406524763556,0.4955555577506491,5.311433776301276,60.54937550624442,0
4.3089281050675865,0.41614905629094856,1.977472461809966,59.48958945785441,0
4.7305773106681634,1.8423517839647092,2.4713527412021166,24.206488378475417,1
1.8665465813987647,2.062684791656668,6.258660117732755,43.715558925869466,0
1.353723365717769,0.6124272791456126,6.6251955920528385,30.906732033041713,0
3.2199977161950786,1.3140464630843895,6.247907592405322,29.40876231900834,1
2.043670855490482,2.11768726722688,2.936135957701195,69.63812898423475,0
0.1269317783017243,1.8587237074390015,5.462558521048171,22.51491300297545,1
0.7807629868309518,1.401369293180436,3.3343501331076917,45.15097255412728,0
3.579861144236988,1.516834457101055,3.4827789650227152,30.09221934599109,0
3.294619709550757,1.320065312599072,1.4327607634009878,72.75981294070844,0
0.13547996251741745,0.8141162831651694,4.137912122809615,53.422430796502105,0
1.109860809664747,1.4560527828616388,1.3029512842734357,33.88283818261088,0
1.155373982940357,1.7533247249202177,2.3209528934703565,50.14563722998258,0
3.359463717993642,2.1959749980659384,5.985211411339546,63.88918158218695,1
0.09855268877182077,1.6270992495501955,1.4495306644759864,77.48708053516603,0
0.5205429099228692,1.9266916889035792,0.4981079962140297,33.226760254725136,0
3.999580426865947,0.4841719238909752,0.48305314828971413,73.1709063277607,0
0.8927233102716681,1.2077379386074958,6.585491643521755,76.05824685004941,0
3.2637305392593734,0.12239588758502391,3.548443065732842,74.98523267192397,0
1.1909139052336326,0.6920292748518952,2.8658845027191284,58.12486141171459,0
0.4972069637967258,1.8435081162712117,5.6761500670554295,57.78923926608246,0
1.2158609549972703,2.480343883238472,5.850781495373612,44.192637991029365,0
3.6113346592782958,0.3380274390093182,2.3253372318092325,65.14387293822728,0
4.278482340531429,1.063586358067092,4.8553264023165665,51.877641101055914,1
4.151099322834958,2.0201703248779825,5.397859710963206,60.64628427369767,1
1.9859176480922742,0.5896855231093572,4.582554808061682,45.70747423092773,0
3.3404256828532306,1.4322038783254871,1.0611655236006956,63.88978784258834,0
1.0249214770791049,1.8593711104712196,6.131181584619399,69.46829105627295,0
1.4657386513050663,1.5783650806244298,3.773661869152061,28.786175396168968,1
4.4816790926055985,0.5512593630769987,1.977306984590026,69.97578293445369,0
0.06500961755368018,0.9529229648457745,2.9765972980638575,52.41779190741843,0
0.4275426542723404,1.9811002827649533,0.26299763279235167,70.67995454541347,0
1.0394312757301365,1.4301436339168399,0.8950676085569229,45.878102380460874,0
0.13266101936909858,0.11255107250299057,5.358827253611026,42.7424291229821,0
0.9071771754489866,1.9263778240674252,8.14432875629878e-05,74.90364395103335,0
2.915207804848461,0.18474725185657376,2.9159607993760455,35.07015605290408,0
2.1071227529624896,1.8897610785549572,3.657571267599119,70.65273951716858,0
4.4633585553848745,0.5859533443965698,0.38244094000680606,49.041234350564245,0
4.087217808692205,2.3993763522865126,6.81154714080633,50.84572655307558,0
1.7090867584893799,0.9830578031250027,1.5828773187477037,38.50809688936904,0
1.2971171671564625,0.8846358792113898,2.129391037453966,54.38253203714094,0
1.8984620408363346,0.4573313207978672,2.127597585785191,39.512671776572674,0
2.9514747125740386,0.8334501171765156,1.6129166348214494,22.356164854499138,1
1.3403182041143813,2.203961828387681,0.010316754604179912,36.31991632066136,0
3.12074453924567,2.4912024103053936,5.105413558615974,20.38274260439544,1
2.0470582609562022,0.9839428732164359,6.767918498594997,78.7012872234114,0
2.7602359042599014,1.1766655142909022,1.5700543829953153,77.94483258918484,0
2.1806326456765834,1.832970251686569,4.641330342623957,43.7093178483383,0
1.4723287977095882,2.2268698731161787,5.193274288711006,63.70225126037876,0
4.742266534810783,1.523306402048282,5.938977653633673,40.7483659046255,1
3.818028970798804,1.0396616756267905,2.958404379095264,60.265589425158566,0
0.7005658788322627,1.090292418036697,2.1205163394830047,68.32580258275874,0
4.342339879489564,1.7694835515923366,2.277065938161218,76.80537468153445,1
2.437155991247568,0.10772383265026884,4.98834933168959,44.01273655098032,0
4.472761134470457,1.5870144099036176,5.717456265539452,66.99787897736286,1
3.999276279736576,0.9531832250592577,1.2712977742962186,35.95570703792713,0
2.126067522346167,2.006073595065002,2.5965870571043563,79.4199382276189,0
0.11234654160058699,0.3231775355755172,6.31358137724405,21.546175925861068,1
1.3433867969247304,1.5116854406761373,5.646854637863175,56.21172839006726,0
2.7081710733043347,1.254334935726697,6.894008819337331,59.57035889907963,0
3.1673910991307364,1.6415812621725459,5.279737817774565,61.28273342444773,1
1.2894384271660115,0.25564862675912403,2.752366407195456,27.223254727345342,1
0.6967803703641207,1.491961089827515,4.134464837962464,76.31178700838782,0
4.174651183996495,1.447563011102857,4.6270997797312425,30.870996743004966,1
4.92201090351776,1.4455842265988104,0.5491907142198676,57.365204194390465,1
2.628450911513429,1.5483703998314915,3.8114787137270554,33.3605647473851,0
0.8583964292415175,1.7235230493432694,4.965245799308267,38.43298502127625,0
1.3615366325968448,2.0319735992338472,1.1712491280074226,52.78751250368746,0
0.09195338273733367,0.7475697283077144,5.4644220219789,45.03160511387459,0
4.571494032802495,2.080118584432149,4.086409463598781,29.613536058590377,1
0.5887554144507057,1.2958136374322888,6.665552499883162,30.2561841452509,0
2.882582377571268,0.2849398699223948,0.29695608744824187,45.088687289767975,0
1.37027610343603,0.24052223018555008,1.8572829628882688,65.43697869653005,0
2.770890012578967,0.9021719648705459,4.2108771550987685,73.87787881086732,0
3.257101941759321,1.983752745067522,2.075919385441515,25.04765973556297,1
4.1487090185360085,1.798434243378198,5.000969148498696,43.58623445356406,1
1.032106358803016,1.9926759152137754,5.313036977653517,26.014733823372598,1
0.05497914329240239,1.3414457354598626,0.7176117484653212,20.995548837955873,1
0.6844281503440364,1.1564775950931774,3.5969812494473743,59.7031209586374,0
4.500093209240525,0.4538860640950815,3.5622338891373913,56.14696651799527,0
4.369450387812576,0.8876626086623477,2.5849653915087876,29.78114682889317,1
2.9870655108515414,1.1416464788173006,6.530474037987704,34.02876998558385,0
3.002584302168267,0.31264103123108133,5.792544239112549,21.422465218671103,1
3.3251833727312774,0.629468686506907,4.880465673367457,70.09683234166422,1
0.876856393117248,1.5357407057529733,5.000286450144983,78.4814357629131,0
4.572059729624799,1.8655914741740556,3.2320130066918336,28.127572207681446,1
2.0938526244603657,2.496034027343079,6.446961647676031,33.888512825917886,0
1.9156926412474873,2.3394719952245384,4.862167990772997,72.10457143681604,0
2.5945885264141877,1.6421564788844598,5.102867431590715,75.5878278773711,0
0.23482983387527523,1.110995327905773,6.031836326511417,45.17764296840862,0
0.831416843780397,1.6268256752997585,1.918501125395337,23.037348336144447,1
3.6901680821318523,1.9855638833925568,5.649496327066921,22.363510021569162,1
0.41399333962563234,0.38400685821612957,1.3666842206954444,54.436991964140624,0
3.015760547331941,1.0837717352710918,2.417393665714215,43.57370653359074,0
1.2267455484066048,2.1155254855254815,2.349273179888899,21.719145654659272,1
1.9464780702098827,1.0211990846393055,6.849678278723984,54.9951435387534,0
1.4434686838534994,1.4724934509452476,5.995760566235488,20.678152195341347,1
1.7783635823247457,1.5106464660692758,4.908189031131818,67.24231748895639,0
3.5952295259212272,0.5427430075207345,5.0893973313077305,38.385969362202296,0
1.4856085781158752,0.969365059965492,3.9345095608179976,22.415480180553928,1
2.832023201484486,0.9028270929806371,6.629634669759634,55.301133258989196,1
2.3802520109954983,0.1628721004769555,3.473811270176531,43.86106486598328,0
3.3183558268132405,0.1580602333392526,2.6636239690892616,78.42802480142896,0
4.68414869662379,2.096072904821856,1.1412473585211371,52.651919750222135,0
3.6628604860512515,0.7553699439347498,5.503439565827406,36.514350862220496,1
1.074701892953784,1.343389038973157,5.14110752452914,62.56633187803848,0
0.15591567530642336,0.8169413766130553,2.6904852696689443,36.28952015256268,0
1.3113202214991255,2.357630188276817,0.17635389771460552,74.25459748445391,0
2.9753896535012743,0.722312221277857,5.872981294026075,42.483318230442585,0
0.25712906742125174,1.1311763505734442,0.07992588417851543,52.99211376657232,0
2.481831236006182,2.1945526011630445,4.925898457403356,23.03438622945373,1
2.984214244584446,2.1206405603003406,6.7917997680824,45.56727427713385,0
1.6712194540848042,0.5466434028310656,3.063629297037424,69.9418123796597,1
3.8545610187291097,2.026343943509705,1.6448138349716692,68.33892832180052,0
0.532991265668859,1.1996485281709424,4.934097070303672,33.45911353121157,0
0.3756889086790438,1.2591252930048527,5.719896994109096,33.56474426063376,0
3.6409437810180165,0.4203519337982651,3.825012212544931,69.03831873279421,0
2.4774565810309923,0.2934436330170992,6.7692469267930235,75.82390521015952,0
3.44201198213868,1.8470543367370365,0.3616810516057277,25.72165527638021,1
2.174136693018731,1.2915067656527195,3.533569188131697,47.00351836557351,0
1.232010166195534,1.148441686276431,5.02917763125785,40.24725673785374,0
4.095511588370998,1.8508197487657523,6.038483298044253,72.24130732744635,1
3.997079394844896,1.9372309575786635,1.2547892833545302,25.011494880801127,0
3.473482354272134,0.4813796024064485,5.60002437234577,32.66755655348224,1
1.3607256861498134,1.5645403587463391,3.868949530029817,65.14810025518966,0
2.9511533343454355,0.42484979746644524,2.7758757739297426,23.077630938872936,1
1.8048694847001339,1.9033002064697095,0.9220052000536549,49.55212284285736,0
0.45791036663317075,1.6766923750411349,6.057070312362387,46.5264220807832,0
4.586567877311214,2.395875090600299,1.1009124572580076,40.06407073932492,0
0.684093154594807,0.26549923925541086,2.1685150144636944,43.67433891913542,0
4.751186769104012,0.23693133076301037,2.030318723737058,51.79643521581397,0
2.230028864789779,0.7772489792636803,6.09989823933598,29.682041503302987,1
